[Header],,,,,,,,,
IEMFileVersion,4,,,,,,,,
Date,,,,,,,,,
,,,,,,,,,
[Reads],,,,,,,,,
,,,,,,,,,
,,,,,,,,,
[Settings],,,,,,,,,
,,,,,,,,,
[Data],,,,,,,,,
Lanes,Sample_ID,Sample_Name,Sample_Plate,Sample_Well,I7_Index_ID,index,I5_Index_ID,index2,Sample_Project
,Sample_R26_Emx1_Ctrl_adult,R26_Emx1_Ctrl_adult,,,SI-TT-H6,CCTATCCTCG,SI-TT-H6,GTTAGTATTC,Project_SessaA_2368_Rent_Novaseq6000_w_reagents_scRNA
,Sample_R26_Emx1_Mut_adult,R26_Emx1_Mut_adult,,,SI-TT-A7,TCCCAAGGGT,SI-TT-A7,AAAGGTAGTA,Project_SessaA_2368_Rent_Novaseq6000_w_reagents_scRNA
,Sample_R26_Nestin_Ctrl_adult,R26_Nestin_Ctrl_adult,,,SI-TT-H10,TTATCTAGGG,SI-TT-H10,TAGAGCCTTT,Project_SessaA_2368_Rent_Novaseq6000_w_reagents_scRNA
,Sample_R26_Nestin_Mut_adult,R26_Nestin_Mut_adult,,,SI-TT-A11,CGGAACCCAA,SI-TT-A11,TCCTCGAATC,Project_SessaA_2368_Rent_Novaseq6000_w_reagents_scRNA

